n_clients,accuracy,forgetting_score,auroc
3,0.757576,0.903581,0.937327
5,0.575758,0.770326,0.716452
7,0.777778,0.94484,0.893722
