non_iid_strength,accuracy,forgetting_score,auroc
0.2,0.45454545454545453,0.9384631735572324,0.566951566951567
0.9,0.7045454545454546,0.7025188649165693,0.7306188175753392
