method,"Pruning threshold (tau, fraction pruned)",accuracy,auroc,forgetting_score,retrain_distance
QFL-EWP,0.0,0.9,0.9683421630701642,0.5939094650205762,5.372894950299422
QFL-EWP,0.1,0.3944444444444444,0.3528879700219666,0.7615912208504801,5.225820058228403
QFL-EWP,0.2,0.3444444444444444,0.2894430805013567,0.922578875171468,5.37675128821532
QFL-EWP,0.3,0.4111111111111111,0.3342809148468794,0.9375034293552812,5.663046336699174
QFL-EWP,0.4,0.4277777777777777,0.409613645173795,0.8824142661179699,7.169202540622758
QFL-EWP,0.5,0.4166666666666667,0.402248352500323,0.5959945130315503,8.024950232251737
QFL-EWP,0.6,0.5,0.4476030494895981,0.456076817558299,7.883785754139944
